type,format
fiction,hardcover
fiction,hardcover
fiction,hardcover
fiction,hardcover
fiction,hardcover
fiction,hardcover
fiction,hardcover
fiction,hardcover
fiction,hardcover
fiction,hardcover
fiction,hardcover
fiction,hardcover
fiction,hardcover
fiction,paperback
fiction,paperback
fiction,paperback
fiction,paperback
fiction,paperback
fiction,paperback
fiction,paperback
fiction,paperback
fiction,paperback
fiction,paperback
fiction,paperback
fiction,paperback
fiction,paperback
fiction,paperback
fiction,paperback
fiction,paperback
fiction,paperback
fiction,paperback
fiction,paperback
fiction,paperback
fiction,paperback
fiction,paperback
fiction,paperback
fiction,paperback
fiction,paperback
fiction,paperback
fiction,paperback
fiction,paperback
fiction,paperback
fiction,paperback
fiction,paperback
fiction,paperback
fiction,paperback
fiction,paperback
fiction,paperback
fiction,paperback
fiction,paperback
fiction,paperback
fiction,paperback
fiction,paperback
fiction,paperback
fiction,paperback
fiction,paperback
fiction,paperback
fiction,paperback
fiction,paperback
fiction,paperback
fiction,paperback
fiction,paperback
fiction,paperback
fiction,paperback
fiction,paperback
fiction,paperback
fiction,paperback
fiction,paperback
fiction,paperback
fiction,paperback
fiction,paperback
fiction,paperback
nonfiction,hardcover
nonfiction,hardcover
nonfiction,hardcover
nonfiction,hardcover
nonfiction,hardcover
nonfiction,hardcover
nonfiction,hardcover
nonfiction,hardcover
nonfiction,hardcover
nonfiction,hardcover
nonfiction,hardcover
nonfiction,hardcover
nonfiction,hardcover
nonfiction,hardcover
nonfiction,hardcover
nonfiction,paperback
nonfiction,paperback
nonfiction,paperback
nonfiction,paperback
nonfiction,paperback
nonfiction,paperback
nonfiction,paperback
nonfiction,paperback
